accession	name	monoisotopic_delta	target_residues
UniMod:1	Acetyl	42.010565	K,N-term
UniMod:2	Amidated	-0.984016	C-term
UniMod:3	Biotin	226.077598	K,N-term
UniMod:4	Carbamidomethyl	57.021464	C,K,N-term
UniMod:5	Carbamyl	43.005814	K,R,N-term
UniMod:7	Deamidated	0.984016	N,Q,R
UniMod:21	Phospho	79.966331	S,T,Y,H,D,C
UniMod:23	Dehydrated	-18.010565	S,T,Y,C,D,N
UniMod:24	Propionamide	71.037114	C,K,N-term
UniMod:26	Pyro-carbamidomethyl	39.994915	C
UniMod:27	Glu->pyro-Glu	-18.010565	E,N-term
UniMod:28	Gln->pyro-Glu	-17.026549	Q,N-term
UniMod:29	SMA	127.063329	K,N-term
UniMod:34	Methyl	14.015650	K,R,H,N,Q,C,D,E,I,L,S,T,N-term
UniMod:35	Oxidation	15.994915	M,C,W,H,F,Y,P,K,R,N,D
UniMod:36	Dimethyl	28.031300	K,R,N-term
UniMod:37	Trimethyl	42.046950	K,R
UniMod:39	Methylthio	45.987721	C
UniMod:40	Sulfo	79.956815	S,T,Y,C
UniMod:41	Hex	162.052824	N,T,S,W
UniMod:43	HexNAc	203.079373	N,S,T
UniMod:44	Farnesyl	204.187801	C
UniMod:47	Palmitoyl	238.229666	C,S,T,K
UniMod:58	Propionyl	56.026215	K,N-term
UniMod:64	Succinyl	100.016044	K,N-term
UniMod:121	GG	114.042927	K
UniMod:122	Formyl	27.994915	K,S,T,N-term
UniMod:188	Label:13C(6)	6.020129	K,R,L,I
UniMod:199	Dimethyl:2H(4)	32.056407	K,R,N-term
UniMod:214	iTRAQ4plex	144.102063	K,Y,N-term
UniMod:259	Label:13C(6)15N(2)	8.014199	K
UniMod:267	Label:13C(6)15N(4)	10.008269	R
UniMod:730	iTRAQ8plex	304.205360	K,Y,N-term
UniMod:737	TMT6plex	229.162932	K,N-term
UniMod:747	Malonyl	86.000394	K,C,S
UniMod:2016	TMTpro	304.207146	K,S,T,N-term
